SGTime,Gaze
1.9,1
1.916667,1
1.933333,1
1.95,1
1.966667,1
1.983333,1
2.0,1
2.016667,1
2.033333,1
2.05,0
2.066667,0
2.083333,0
2.1,0
2.116667,0
2.133333,0
2.15,0
2.166667,0
2.183333,0
2.2,0
2.216667,0
2.233333,0
2.25,0
2.266667,0
2.283333,0
2.3,0
2.316667,0
2.333333,0
2.35,0
2.366667,0
2.383333,0
2.4,0
2.416667,0
2.433333,0
2.45,0
2.466667,0
2.483333,0
2.5,0
2.516667,0
2.533333,0
2.55,0
2.566667,0
2.583333,0
2.6,0
2.616667,0
2.633333,0
2.65,0
2.666667,0
2.683333,0
2.7,0
2.716667,0
2.733333,0
2.75,0
2.766667,0
2.783333,0
2.8,1
2.816667,1
2.833333,1
2.85,1
2.866667,1
2.883333,1
2.9,1
2.916667,1
2.933333,1
2.95,1
2.966667,1
2.983333,1
3.0,1
3.016667,1
3.033333,1
3.05,1
3.066667,1
3.083333,1
3.1,1
3.116667,1
3.133333,1
3.15,1
3.166667,1
3.183333,1
3.2,1
3.216667,1
3.233333,1
3.25,1
3.266667,1
3.283333,1
3.3,1
3.316667,1
3.333333,1
3.35,1
3.366667,1
3.383333,1
3.4,1
3.416667,1
3.433333,1
3.45,1
3.466667,1
3.483333,1
3.5,1
3.516667,1
3.533333,1
3.55,1
3.566667,1
3.583333,1
3.6,1
3.616667,1
3.633333,1
3.65,1
3.666667,1
3.683333,1
3.7,1
3.716667,1
3.733333,1
3.75,1
3.766667,1
3.783333,1
3.8,1
3.816667,1
3.833333,1
3.85,1
3.866667,1
3.883333,1
3.9,1
3.916667,1
3.933333,1
3.95,1
3.966667,1
3.983333,1
4.0,1
4.016667,1
4.033333,1
4.05,1
4.066667,1
4.083333,1
4.1,1
4.116667,1
4.133333,1
4.15,1
4.166667,1
4.183333,1
4.2,1
4.216667,1
4.233333,1
4.25,1
4.266667,1
4.283333,1
4.3,1
4.316667,1
4.333333,1
4.35,1
4.366667,1
4.383333,1
4.4,1
4.416667,1
4.433333,1
4.45,1
4.466667,1
4.483333,1
4.5,1
4.516667,1
4.533333,1
4.55,1
4.566667,1
4.583333,1
4.6,1
4.616667,1
4.633333,1
4.65,1
4.666667,1
4.683333,1
4.7,1
4.716667,1
4.733333,1
4.75,1
4.766667,1
4.783333,1
4.8,1
4.816667,1
4.833333,1
4.85,1
4.866667,1
4.883333,1
4.9,1
4.916667,1
4.933333,1
4.95,1
4.966667,1
4.983333,1
5.0,1
5.016667,1
5.033333,1
5.05,1
5.066667,1
5.083333,1
5.1,1
5.116667,1
5.133333,1
5.15,1
5.166667,1
5.183333,1
5.2,1
5.216667,1
5.233333,1
5.25,1
5.266667,1
5.283333,1
5.3,1
5.316667,1
5.333333,1
5.35,1
5.366667,1
5.383333,1
5.4,1
5.416667,1
5.433333,1
5.45,1
5.466667,1
5.483333,1
5.5,1
5.516667,1
5.533333,1
5.55,1
5.566667,1
5.583333,1
5.6,1
5.616667,1
5.633333,1
5.65,1
5.666667,1
5.683333,1
5.7,1
5.716667,1
5.733333,1
5.75,1
5.766667,1
5.783333,1
5.8,1
5.816667,1
5.833333,1
5.85,1
5.866667,1
5.883333,1
5.9,1
5.916667,1
5.933333,1
5.95,1
5.966667,1
5.983333,1
6.0,1
6.016667,1
6.033333,1
6.05,1
6.066667,1
6.083333,1
6.1,1
6.116667,1
6.133333,1
6.15,1
6.166667,1
6.183333,1
6.2,1
6.216667,1
6.233333,1
6.25,1
6.266667,1
6.283333,1
6.3,1
6.316667,1
6.333333,1
6.35,1
6.366667,1
6.383333,1
6.4,1
6.416667,1
6.433333,1
6.45,1
6.466667,1
6.483333,1
6.5,1
6.516667,1
6.533333,1
6.55,1
6.566667,1
6.583333,1
6.6,1
6.616667,1
6.633333,1
6.65,1
6.666667,1
6.683333,1
6.7,1
6.716667,1
6.733333,1
6.75,1
6.766667,1
6.783333,1
6.8,1
6.816667,1
6.833333,1
6.85,1
6.866667,1
6.883333,1
6.9,1
6.916667,1
6.933333,1
6.95,1
6.966667,1
6.983333,1
7.0,1
7.016667,1
7.033333,1
7.05,1
7.066667,1
7.083333,1
7.1,1
7.116667,1
7.133333,1
7.15,1
7.166667,1
7.183333,1
7.2,1
7.216667,1
7.233333,1
7.25,1
7.266667,1
7.283333,1
7.3,1
7.316667,1
7.333333,1
7.35,1
7.366667,1
7.383333,1
7.4,1
7.416667,1
7.433333,1
7.45,1
7.466667,1
7.483333,1
7.5,1
7.516667,1
7.533333,1
7.55,1
7.566667,1
7.583333,1
7.6,1
7.616667,1
7.633333,1
7.65,1
7.666667,1
7.683333,1
7.7,1
7.716667,1
7.733333,1
7.75,1
7.766667,1
7.783333,1
7.8,1
7.816667,1
7.833333,1
7.85,1
7.866667,1
7.883333,1
7.9,1
7.916667,1
7.933333,1
7.95,1
7.966667,1
7.983333,1
8.0,1
8.016666,1
8.033334,1
8.05,1
8.066667,1
8.083333,1
8.1,1
8.116667,1
8.133333,1
8.15,1
8.166667,1
8.183333,1
8.2,1
8.216666,1
8.233334,1
8.25,1
8.266666,1
8.283334,1
8.3,1
8.316667,1
8.333333,1
8.35,1
8.366667,1
8.383333,1
8.4,1
8.416667,1
8.433333,1
8.45,1
8.466666,1
8.483334,1
8.5,1
8.516666,1
8.533334,1
8.55,1
8.566667,1
8.583333,1
8.6,1
8.616667,1
8.633333,1
8.65,1
8.666667,1
8.683333,1
8.7,1
8.716666,1
8.733334,1
8.75,1
8.766666,1
8.783334,1
8.8,1
8.816667,1
8.833333,1
8.85,1
8.866667,1
8.883333,1
8.9,1
8.916667,1
8.933333,1
8.95,1
8.966666,1
8.983334,1
9.0,1
9.016666,1
9.033334,1
9.05,1
9.066667,1
9.083333,1
9.1,1
9.116667,1
9.133333,1
9.15,1
9.166667,1
9.183333,1
9.2,1
9.216666,1
9.233334,1
9.25,1
9.266666,1
9.283334,1
9.3,1
9.316667,1
9.333333,1
9.35,1
9.366667,1
9.383333,1
9.4,1
9.416667,1
9.433333,1
9.45,1
9.466666,1
9.483334,1
9.5,1
9.516666,1
9.533334,1
9.55,1
9.566667,1
9.583333,1
9.6,1
9.616667,1
9.633333,1
9.65,1
9.666667,1
9.683333,1
9.7,1
9.716666,1
9.733334,1
9.75,1
9.766666,1
9.783334,1
9.8,1
9.816667,1
9.833333,1
9.85,1
9.866667,1
9.883333,1
9.9,1
9.916667,1
9.933333,1
9.95,1
9.966666,1
9.983334,1
10.0,1
10.01667,1
10.03333,1
10.05,1
10.06667,1
10.08333,1
10.1,1
10.11667,1
10.13333,1
10.15,1
10.16667,1
10.18333,1
10.2,1
10.21667,1
10.23333,1
10.25,1
10.26667,1
10.28333,1
10.3,1
10.31667,1
10.33333,1
10.35,1
10.36667,1
10.38333,1
10.4,1
10.41667,1
10.43333,1
10.45,1
10.46667,1
10.48333,1
10.5,1
10.51667,1
10.53333,1
10.55,1
10.56667,1
10.58333,1
10.6,1
10.61667,1
10.63333,1
10.65,1
10.66667,1
10.68333,1
10.7,1
10.71667,1
10.73333,1
10.75,1
10.76667,1
10.78333,1
10.8,1
10.81667,1
10.83333,1
10.85,1
10.86667,1
10.88333,1
10.9,1
10.91667,1
10.93333,1
10.95,1
10.96667,1
10.98333,1
11.0,1
11.01667,1
11.03333,1
11.05,1
11.06667,1
11.08333,1
11.1,1
11.11667,1
11.13333,1
11.15,1
11.16667,1
11.18333,1
11.2,1
11.21667,1
11.23333,1
11.25,1
11.26667,1
11.28333,1
11.3,1
11.31667,1
11.33333,1
11.35,1
11.36667,1
11.38333,1
11.4,1
11.41667,1
11.43333,1
11.45,1
11.46667,1
11.48333,1
11.5,1
11.51667,1
11.53333,1
11.55,1
11.56667,1
11.58333,1
11.6,1
11.61667,1
11.63333,1
11.65,1
11.66667,1
11.68333,1
11.7,1
11.71667,1
11.73333,1
11.75,1
11.76667,1
11.78333,1
11.8,1
11.81667,1
11.83333,1
11.85,1
11.86667,1
11.88333,1
11.9,1
11.91667,1
11.93333,1
11.95,1
11.96667,1
11.98333,1
12.0,1
12.01667,1
12.03333,1
12.05,1
12.06667,1
12.08333,1
12.1,1
12.11667,1
12.13333,1
12.15,1
12.16667,1
12.18333,1
12.2,1
12.21667,1
12.23333,1
12.25,1
12.26667,1
12.28333,1
12.3,1
12.31667,1
12.33333,1
12.35,1
12.36667,1
12.38333,1
12.4,1
12.41667,1
12.43333,1
12.45,1
12.46667,1
12.48333,1
12.5,1
12.51667,1
12.53333,1
12.55,1
12.56667,1
12.58333,1
12.6,1
12.61667,1
12.63333,1
12.65,1
12.66667,1
12.68333,1
12.7,1
12.71667,1
12.73333,1
12.75,1
12.76667,1
12.78333,1
12.8,1
12.81667,1
12.83333,1
12.85,1
12.86667,1
12.88333,1
12.9,1
12.91667,1
12.93333,1
12.95,1
12.96667,1
12.98333,1
13.0,1
13.01667,1
13.03333,1
13.05,1
13.06667,1
13.08333,1
13.1,1
13.11667,1
13.13333,1
13.15,1
13.16667,1
13.18333,1
13.2,1
13.21667,1
13.23333,1
13.25,1
13.26667,1
13.28333,1
13.3,1
13.31667,1
13.33333,1
13.35,1
13.36667,1
13.38333,1
13.4,1
13.41667,1
13.43333,1
13.45,1
13.46667,1
13.48333,1
13.5,1
13.51667,1
13.53333,1
13.55,1
13.56667,1
13.58333,1
13.6,1
13.61667,1
13.63333,1
13.65,1
13.66667,1
13.68333,1
13.7,1
13.71667,1
13.73333,1
13.75,1
13.76667,1
13.78333,1
13.8,1
13.81667,1
13.83333,1
13.85,1
13.86667,1
13.88333,1
13.9,1
13.91667,1
13.93333,1
13.95,1
13.96667,1
13.98333,1
14.0,1
14.01667,1
14.03333,1
14.05,1
14.06667,1
14.08333,1
14.1,1
14.11667,1
14.13333,1
14.15,1
14.16667,1
14.18333,1
14.2,1
14.21667,1
14.23333,1
14.25,1
14.26667,1
14.28333,1
14.3,1
14.31667,1
14.33333,1
14.35,1
14.36667,1
14.38333,1
14.4,1
14.41667,1
14.43333,1
14.45,1
14.46667,1
14.48333,1
14.5,1
14.51667,1
14.53333,1
14.55,1
14.56667,1
14.58333,1
14.6,1
14.61667,1
14.63333,1
14.65,1
14.66667,1
14.68333,1
14.7,1
14.71667,1
14.73333,1
14.75,1
14.76667,1
14.78333,1
14.8,1
14.81667,1
14.83333,1
14.85,1
14.86667,1
14.88333,1
14.9,1
14.91667,1
14.93333,1
14.95,1
14.96667,1
14.98333,1
15.0,1
15.01667,1
15.03333,1
15.05,1
15.06667,1
15.08333,1
15.1,1
15.11667,1
15.13333,1
15.15,1
15.16667,1
15.18333,1
15.2,1
15.21667,1
15.23333,1
15.25,1
15.26667,1
15.28333,1
15.3,1
15.31667,1
15.33333,1
15.35,1
15.36667,1
15.38333,1
15.4,1
15.41667,1
15.43333,1
15.45,1
15.46667,1
15.48333,1
15.5,1
15.51667,1
15.53333,1
15.55,1
15.56667,1
15.58333,1
15.6,1
15.61667,1
15.63333,1
15.65,1
15.66667,1
15.68333,1
15.7,1
15.71667,1
15.73333,1
15.75,1
15.76667,1
15.78333,1
15.8,1
15.81667,1
15.83333,1
15.85,1
15.86667,1
15.88333,1
15.9,1
15.91667,1
15.93333,1
15.95,1
15.96667,1
15.98333,1
16.0,1
16.01667,1
16.03333,1
16.05,1
16.06667,1
16.08333,1
16.1,1
16.11667,1
16.13333,1
16.15,1
16.16667,1
16.18333,1
16.2,1
16.21667,1
16.23333,1
16.25,1
16.26667,1
16.28333,1
16.3,1
16.31667,1
16.33333,1
16.35,1
16.36667,1
16.38333,1
16.4,1
16.41667,1
16.43333,1
16.45,1
16.46667,1
16.48333,1
16.5,1
16.51667,1
16.53333,1
16.55,1
16.56667,1
16.58333,1
16.6,1
16.61667,1
16.63333,1
16.65,1
16.66667,1
16.68333,1
16.7,1
16.71667,1
16.73333,1
16.75,1
16.76667,1
16.78333,1
16.8,1
16.81667,1
16.83333,1
16.85,1
16.86667,1
16.88333,1
16.9,1
16.91667,1
16.93333,1
16.95,1
16.96667,1
16.98333,1
17.0,1
17.01667,1
17.03333,1
17.05,1
17.06667,1
17.08333,1
17.1,1
17.11667,1
17.13333,1
17.15,1
17.16667,1
17.18333,1
17.2,1
17.21667,1
17.23333,1
17.25,1
17.26667,1
17.28333,1
17.3,1
17.31667,1
17.33333,1
17.35,1
17.36667,1
17.38333,1
17.4,1
17.41667,1
17.43333,1
17.45,1
17.46667,1
17.48333,1
17.5,1
17.51667,1
17.53333,1
17.55,1
17.56667,1
17.58333,1
17.6,1
17.61667,1
17.63333,1
17.65,1
17.66667,1
17.68333,1
17.7,1
17.71667,1
17.73333,1
17.75,1
17.76667,1
17.78333,1
17.8,1
17.81667,1
17.83333,1
17.85,1
17.86667,1
17.88333,1
17.9,1
17.91667,1
17.93333,1
17.95,1
17.96667,1
17.98333,1
18.0,1
18.01667,1
18.03333,1
18.05,1
18.06667,1
18.08333,1
18.1,1
18.11667,1
18.13333,1
18.15,1
18.16667,1
18.18333,1
18.2,1
18.21667,1
18.23333,1
18.25,1
18.26667,1
18.28333,1
18.3,1
18.31667,1
18.33333,1
18.35,1
18.36667,1
18.38333,1
18.4,1
18.41667,1
18.43333,1
18.45,1
18.46667,1
18.48333,1
18.5,1
18.51667,1
18.53333,1
18.55,1
18.56667,1
18.58333,1
18.6,1
18.61667,1
18.63333,1
18.65,1
18.66667,1
18.68333,1
18.7,1
18.71667,1
18.73333,1
18.75,1
18.76667,1
18.78333,1
18.8,1
18.81667,1
18.83333,1
18.85,1
18.86667,1
18.88333,1
18.9,1
18.91667,1
18.93333,1
18.95,1
18.96667,1
18.98333,1
19.0,1
19.01667,1
19.03333,1
19.05,1
19.06667,1
19.08333,1
19.1,1
19.11667,1
19.13333,1
19.15,1
19.16667,1
19.18333,1
19.2,1
19.21667,1
19.23333,1
19.25,1
19.26667,1
19.28333,1
19.3,1
19.31667,1
19.33333,1
19.35,1
19.36667,1
19.38333,1
19.4,1
19.41667,1
19.43333,1
19.45,1
19.46667,1
19.48333,1
19.5,1
19.51667,1
19.53333,1
19.55,1
19.56667,1
19.58333,1
19.6,1
19.61667,1
19.63333,1
19.65,1
19.66667,1
19.68333,1
19.7,1
19.71667,1
19.73333,1
19.75,1
19.76667,1
19.78333,1
19.8,1
19.81667,1
19.83333,1
19.85,1
19.86667,1
19.88333,1
19.9,1
19.91667,1
19.93333,1
19.95,1
19.96667,1
19.98333,1
20.0,1
20.01667,1
20.03333,1
20.05,1
20.06667,1
20.08333,1
20.1,1
20.11667,1
20.13333,1
20.15,1
20.16667,1
20.18333,1
20.2,1
20.21667,1
20.23333,1
20.25,1
20.26667,1
20.28333,1
20.3,1
20.31667,1
20.33333,1
20.35,1
20.36667,1
20.38333,1
20.4,1
20.41667,1
20.43333,1
20.45,1
20.46667,1
20.48333,1
20.5,1
20.51667,1
20.53333,1
20.55,1
20.56667,1
20.58333,1
20.6,1
20.61667,1
20.63333,1
20.65,1
20.66667,1
20.68333,1
20.7,1
20.71667,1
20.73333,1
20.75,1
20.76667,1
20.78333,1
20.8,1
20.81667,1
20.83333,1
20.85,1
20.86667,1
20.88333,1
20.9,1
20.91667,1
20.93333,1
20.95,1
20.96667,1
20.98333,1
21.0,1
21.01667,1
21.03333,1
21.05,1
21.06667,1
21.08333,1
21.1,1
21.11667,1
21.13333,1
21.15,1
21.16667,1
21.18333,1
21.2,1
21.21667,1
21.23333,1
21.25,1
21.26667,1
21.28333,1
21.3,1
21.31667,1
21.33333,1
21.35,1
21.36667,1
21.38333,1
21.4,1
21.41667,1
21.43333,1
21.45,1
21.46667,1
21.48333,1
21.5,1
21.51667,1
21.53333,1
21.55,1
21.56667,1
21.58333,1
21.6,1
21.61667,1
21.63333,1
21.65,1
21.66667,1
21.68333,1
21.7,1
21.71667,1
21.73333,1
21.75,1
21.76667,1
21.78333,1
21.8,1
21.81667,1
21.83333,1
21.85,1
21.86667,1
21.88333,1
21.9,1
21.91667,1
21.93333,1
21.95,1
21.96667,1
21.98333,1
22.0,1
22.01667,1
22.03333,1
22.05,1
22.06667,1
22.08333,1
22.1,1
22.11667,1
22.13333,1
22.15,1
22.16667,1
22.18333,1
22.2,1
22.21667,1
22.23333,1
22.25,1
22.26667,1
22.28333,1
22.3,1
22.31667,1
22.33333,1
22.35,1
22.36667,1
22.38333,1
22.4,1
22.41667,1
22.43333,1
22.45,1
22.46667,1
22.48333,1
22.5,1
22.51667,1
22.53333,1
22.55,1
22.56667,1
22.58333,1
22.6,1
22.61667,1
22.63333,1
22.65,1
22.66667,1
22.68333,1
22.7,1
22.71667,1
22.73333,1
22.75,1
22.76667,1
22.78333,1
22.8,1
22.81667,1
22.83333,1
22.85,1
22.86667,1
22.88333,1
22.9,1
22.91667,1
22.93333,1
22.95,1
22.96667,1
22.98333,1
23.0,1
23.01667,1
23.03333,1
23.05,1
23.06667,1
23.08333,1
23.1,1
23.11667,1
23.13333,1
23.15,1
23.16667,1
23.18333,1
23.2,1
23.21667,1
23.23333,1
23.25,1
23.26667,1
23.28333,1
23.3,1
23.31667,1
23.33333,1
23.35,1
23.36667,1
23.38333,1
23.4,1
23.41667,1
23.43333,1
23.45,1
23.46667,1
23.48333,1
23.5,1
23.51667,1
23.53333,1
23.55,1
23.56667,1
23.58333,1
23.6,1
23.61667,1
23.63333,1
23.65,1
23.66667,1
23.68333,1
23.7,1
23.71667,1
23.73333,1
23.75,1
23.76667,1
23.78333,1
23.8,1
23.81667,1
23.83333,1
23.85,1
23.86667,1
23.88333,1
23.9,1
23.91667,1
23.93333,1
23.95,1
23.96667,1
23.98333,1
24.0,1
24.01667,1
24.03333,1
24.05,1
24.06667,1
24.08333,1
24.1,1
24.11667,1
24.13333,1
24.15,1
24.16667,1
24.18333,1
24.2,1
24.21667,1
24.23333,1
24.25,1
24.26667,1
24.28333,1
24.3,1
24.31667,1
24.33333,1
24.35,1
24.36667,1
24.38333,1
24.4,1
24.41667,1
24.43333,1
24.45,1
24.46667,1
24.48333,1
24.5,1
24.51667,1
24.53333,1
24.55,1
24.56667,1
24.58333,1
24.6,1
24.61667,1
24.63333,1
24.65,1
24.66667,1
24.68333,1
24.7,1
24.71667,1
24.73333,1
24.75,1
24.76667,1
24.78333,1
24.8,1
24.81667,1
24.83333,1
24.85,1
24.86667,1
24.88333,1
24.9,1
24.91667,1
24.93333,1
24.95,1
24.96667,1
24.98333,1
25.0,1
25.01667,1
25.03333,1
25.05,1
25.06667,1
25.08333,1
25.1,1
25.11667,1
25.13333,1
25.15,1
25.16667,1
25.18333,1
25.2,1
25.21667,1
25.23333,1
25.25,1
25.26667,1
25.28333,1
25.3,1
25.31667,1
25.33333,1
25.35,1
25.36667,1
25.38333,1
25.4,1
25.41667,1
25.43333,1
25.45,1
25.46667,1
25.48333,1
25.5,1
25.51667,1
25.53333,1
25.55,1
25.56667,1
25.58333,1
25.6,1
25.61667,1
25.63333,1
25.65,1
25.66667,1
25.68333,1
25.7,1
25.71667,1
25.73333,1
25.75,1
25.76667,1
25.78333,1
25.8,1
25.81667,1
25.83333,1
25.85,1
25.86667,1
25.88333,1
25.9,1
25.91667,1
25.93333,1
25.95,1
25.96667,1
25.98333,1
26.0,1
26.01667,1
26.03333,1
26.05,1
26.06667,1
26.08333,1
26.1,1
26.11667,1
26.13333,1
26.15,1
26.16667,1
26.18333,1
26.2,1
26.21667,1
26.23333,1
26.25,1
26.26667,1
26.28333,1
26.3,1
26.31667,1
26.33333,1
26.35,1
26.36667,1
26.38333,1
26.4,1
26.41667,1
26.43333,1
26.45,1
26.46667,1
26.48333,1
26.5,1
26.51667,1
26.53333,1
26.55,1
26.56667,1
26.58333,1
26.6,1
26.61667,1
26.63333,1
26.65,1
26.66667,1
26.68333,1
26.7,1
26.71667,1
26.73333,1
26.75,1
26.76667,1
26.78333,1
26.8,1
26.81667,1
26.83333,1
26.85,1
26.86667,1
26.88333,1
26.9,1
26.91667,1
26.93333,1
26.95,1
26.96667,1
26.98333,1
27.0,1
27.01667,1
27.03333,1
27.05,1
27.06667,1
27.08333,1
27.1,1
27.11667,1
27.13333,1
27.15,1
27.16667,1
27.18333,1
27.2,1
27.21667,1
27.23333,1
27.25,1
27.26667,1
27.28333,1
27.3,1
27.31667,1
27.33333,1
27.35,1
27.36667,1
27.38333,1
27.4,1
27.41667,1
27.43333,1
27.45,1
27.46667,1
27.48333,1
27.5,1
27.51667,1
27.53333,1
27.55,1
27.56667,1
27.58333,1
27.6,1
27.61667,1
27.63333,1
27.65,1
27.66667,1
27.68333,1
27.7,1
27.71667,1
27.73333,1
27.75,1
27.76667,1
27.78333,1
27.8,1
27.81667,1
27.83333,1
27.85,1
27.86667,1
27.88333,1
27.9,1
27.91667,1
27.93333,1
27.95,1
27.96667,1
27.98333,1
28.0,1
28.01667,1
28.03333,1
28.05,1
28.06667,1
28.08333,1
28.1,1
28.11667,1
28.13333,1
28.15,1
28.16667,1
28.18333,1
28.2,1
28.21667,1
28.23333,1
28.25,1
28.26667,1
28.28333,1
28.3,1
28.31667,1
28.33333,1
28.35,1
28.36667,1
28.38333,1
28.4,1
28.41667,1
28.43333,1
28.45,1
28.46667,1
28.48333,1
28.5,1
28.51667,1
28.53333,1
28.55,1
28.56667,1
28.58333,1
28.6,1
28.61667,1
28.63333,1
28.65,1
28.66667,1
28.68333,1
28.7,1
28.71667,1
28.73333,1
28.75,1
28.76667,1
28.78333,1
28.8,1
28.81667,1
28.83333,1
28.85,1
28.86667,1
28.88333,1
28.9,1
28.91667,1
28.93333,1
28.95,1
28.96667,1
28.98333,1
29.0,1
29.01667,1
29.03333,1
29.05,1
29.06667,1
29.08333,1
29.1,1
29.11667,1
29.13333,1
29.15,1
29.16667,1
29.18333,1
29.2,1
29.21667,1
29.23333,1
29.25,1
29.26667,1
29.28333,1
29.3,1
29.31667,1
29.33333,1
29.35,1
29.36667,1
29.38333,1
29.4,1
29.41667,1
29.43333,1
29.45,1
29.46667,1
29.48333,1
29.5,1
29.51667,1
29.53333,1
29.55,1
29.56667,1
29.58333,1
29.6,1
29.61667,1
29.63333,1
29.65,1
29.66667,1
29.68333,1
29.7,1
29.71667,1
29.73333,1
29.75,1
29.76667,1
29.78333,1
29.8,1
29.81667,1
29.83333,1
29.85,1
29.86667,1
29.88333,1
29.9,1
29.91667,1
29.93333,1
29.95,1
29.96667,1
29.98333,1
30.0,1
30.01667,1
30.03333,1
30.05,1
30.06667,1
30.08333,1
30.1,1
30.11667,1
30.13333,1
30.15,1
30.16667,1
30.18333,1
30.2,1
30.21667,1
30.23333,1
30.25,1
30.26667,1
30.28333,1
30.3,1
30.31667,1
30.33333,1
30.35,1
30.36667,1
30.38333,1
30.4,1
30.41667,1
30.43333,1
30.45,1
30.46667,1
30.48333,1
30.5,1
30.51667,1
30.53333,1
30.55,1
30.56667,1
30.58333,1
30.6,1
30.61667,1
30.63333,1
30.65,1
30.66667,1
30.68333,1
30.7,1
30.71667,1
30.73333,1
30.75,1
30.76667,1
30.78333,1
30.8,1
30.81667,1
30.83333,1
30.85,1
30.86667,1
30.88333,1
30.9,1
30.91667,1
30.93333,1
30.95,1
30.96667,1
31.0,1
31.01667,1
31.03333,1
31.05,1
31.06667,1
31.08333,1
31.1,1
31.11667,1
31.13333,1
31.15,1
31.16667,1
31.18333,1
31.2,1
31.21667,1
31.23333,1
31.25,1
31.26667,1
31.28333,1
31.31667,1
31.33333,1
31.35,1
31.36667,1
31.4,1
31.43333,1
31.46667,1
31.48333,1
31.5,1
31.51667,1
31.53333,1
31.56667,1
31.58333,1
31.61667,1
31.63333,1
31.65,1
31.68333,1
31.7,1
31.71667,1
31.73333,1
31.75,1
31.76667,1
31.78333,1
31.81667,1
31.83333,1
31.85,1
31.86667,1
31.88333,1
31.9,1
31.91667,1
31.93333,1
31.96667,1
31.98333,1
32.0,1
32.01667,1
32.03333,1
32.05,1
32.06667,1
32.08333,1
32.1,1
32.11666,1
32.13334,1
32.15,1
32.16667,1
32.18333,1
32.2,1
32.21667,1
32.23333,1
32.25,1
32.26667,1
32.28333,1
32.3,1
32.31667,1
32.33333,1
32.35,1
32.36666,1
32.38334,1
32.4,1
32.41667,1
32.43333,1
32.45,1
32.46667,1
32.48333,1
32.5,1
32.51667,1
32.53333,1
32.55,1
32.56667,1
32.58333,1
32.6,1
32.61666,1
32.63334,1
32.65,1
32.66667,1
32.68333,1
32.7,1
32.71667,1
32.73333,1
32.75,1
32.76667,1
32.78333,1
32.8,1
32.81667,1
32.83333,1
32.85,1
32.86666,1
32.88334,1
32.9,1
32.91667,1
32.93333,1
32.95,1
32.96667,1
32.98333,1
33.0,1
33.01667,1
33.03333,1
33.05,1
33.06667,1
33.08333,1
33.1,1
33.11666,1
33.13334,1
33.15,1
33.16667,1
33.18333,1
33.2,1
33.21667,1
33.23333,1
33.25,1
33.26667,1
33.28333,1
33.3,1
33.31667,1
33.33333,1
33.35,1
33.36666,1
33.38334,1
33.4,1
33.41667,1
33.43333,1
33.45,1
33.46667,1
33.48333,1
33.5,1
33.51667,1
33.53333,1
33.55,1
33.56667,1
33.58333,1
33.6,1
33.61666,1
33.63334,1
33.65,1
33.66667,1
33.68333,1
33.7,1
33.71667,1
33.73333,1
33.75,1
33.76667,1
33.78333,1
33.8,1
33.81667,1
33.83333,1
33.85,1
33.86666,1
33.88334,1
33.9,1
33.91667,1
33.93333,1
33.95,1
33.96667,1
33.98333,1
34.0,1
34.01667,1
34.03333,1
34.05,1
34.06667,1
34.08333,1
34.1,1
34.11666,1
34.13334,1
34.15,1
34.16667,1
34.18333,1
34.2,1
34.21667,1
34.23333,1
34.25,1
34.26667,1
34.28333,1
34.3,1
34.31667,1
34.33333,1
34.35,1
34.36666,1
34.38334,1
34.4,1
34.41667,1
34.43333,1
34.45,1
34.46667,1
34.48333,1
34.5,1
34.51667,1
34.53333,1
34.55,1
34.56667,1
34.58333,1
34.6,1
34.61666,1
34.63334,1
34.65,1
34.66667,1
34.68333,1
34.7,1
34.71667,1
34.73333,1
34.75,1
34.76667,1
34.78333,1
34.8,1
34.81667,1
34.83333,1
34.85,1
34.86666,1
34.88334,1
34.9,1
34.91667,1
34.93333,1
34.95,1
34.96667,1
34.98333,1
35.0,1
35.01667,1
35.03333,1
35.05,1
35.06667,1
35.08333,1
35.1,1
35.11666,1
35.13334,1
35.15,1
35.16667,1
35.18333,1
35.2,1
35.21667,1
35.23333,1
35.25,1
35.26667,1
35.28333,1
35.3,1
35.31667,1
35.33333,1
35.35,1
35.36666,1
35.38334,1
35.4,1
35.41667,1
35.43333,1
35.45,1
35.46667,1
35.48333,1
35.5,1
35.51667,1
35.53333,1
35.55,1
35.56667,1
35.58333,1
35.6,1
35.61666,1
35.63334,1
35.65,1
35.66667,1
35.68333,1
35.7,1
35.71667,1
35.73333,1
35.75,1
35.76667,1
35.78333,1
35.8,1
35.81667,1
35.83333,1
35.85,1
35.86666,1
35.88334,1
35.9,1
35.91667,1
35.93333,1
35.95,1
35.96667,1
35.98333,1
36.0,1
36.01667,1
36.03333,1
36.05,1
36.06667,1
36.08333,1
36.1,1
36.11666,1
36.13334,1
36.15,1
36.16667,1
36.18333,1
36.2,1
36.21667,1
36.23333,1
36.25,1
36.26667,1
36.28333,1
36.3,1
36.31667,1
36.33333,1
36.35,1
36.36666,1
36.38334,1
36.4,1
36.41667,1
36.43333,1
36.45,1
36.46667,1
36.48333,1
36.5,1
36.51667,1
36.53333,1
36.55,1
36.56667,1
36.58333,1
36.6,1
36.61666,1
36.63334,1
36.65,1
36.66667,1
36.68333,1
36.7,1
36.71667,1
36.73333,1
36.75,1
36.76667,1
36.78333,1
36.8,1
36.81667,1
36.83333,1
36.85,1
36.86666,1
36.88334,1
36.9,1
36.91667,1
36.93333,1
36.95,1
36.96667,1
36.98333,1
37.0,1
37.01667,1
37.03333,1
37.05,1
37.06667,1
37.08333,1
37.1,1
37.11666,1
37.13334,1
37.15,1
37.16667,1
37.18333,1
37.2,1
37.21667,1
37.23333,1
37.25,1
37.26667,1
37.28333,1
37.3,1
37.31667,1
37.33333,1
37.35,1
37.36666,1
37.38334,1
37.4,1
37.41667,1
37.43333,1
37.45,1
37.46667,1
37.48333,1
37.5,1
37.51667,1
37.53333,1
37.55,1
37.56667,1
37.58333,1
37.6,1
37.61666,1
37.63334,1
37.65,1
37.66667,1
37.68333,1
37.7,1
37.71667,1
37.73333,1
37.75,1
37.76667,1
37.78333,1
37.8,1
37.81667,1
37.83333,1
37.85,1
37.86666,1
37.88334,1
37.9,1
37.91667,1
37.93333,1
37.95,1
37.96667,1
37.98333,1
38.0,1
38.01667,1
38.03333,1
38.05,1
38.06667,1
38.08333,1
38.1,1
38.11666,1
38.13334,1
38.15,1
38.16667,1
38.18333,1
38.2,1
38.21667,1
38.23333,1
38.25,1
38.26667,1
38.28333,1
38.3,1
38.31667,1
38.33333,1
38.35,1
38.36666,1
38.38334,1
38.4,1
38.41667,1
38.43333,1
38.45,1
38.46667,1
38.48333,1
38.5,1
38.51667,1
38.53333,1
38.55,1
38.56667,1
38.58333,1
38.6,1
38.61666,1
38.63334,1
38.65,1
38.66667,1
38.68333,1
38.7,1
38.71667,1
38.73333,1
38.75,1
38.76667,1
38.78333,1
38.8,1
38.81667,1
38.83333,1
38.85,1
38.86666,1
38.88334,1
38.9,1
38.91667,1
38.93333,1
38.95,1
38.96667,1
38.98333,1
39.0,1
39.01667,1
39.03333,1
39.05,1
39.06667,1
39.08333,1
39.1,1
39.11666,1
39.13334,1
39.15,1
39.16667,1
39.18333,1
39.2,1
39.21667,1
39.23333,1
39.25,1
39.26667,1
39.28333,1
39.3,1
39.31667,1
39.33333,1
39.35,1
39.36666,1
39.38334,1
39.4,1
39.41667,1
39.43333,1
39.45,1
39.46667,1
39.48333,1
39.5,1
39.51667,1
39.53333,1
39.55,1
39.56667,1
39.58333,1
39.6,1
39.61666,1
39.63334,1
39.65,1
39.66667,1
39.68333,1
39.7,1
39.71667,1
39.73333,1
39.75,1
39.76667,1
39.78333,1
39.8,1
39.81667,1
39.83333,1
39.85,1
39.86666,1
39.88334,1
39.9,1
39.91667,1
39.93333,1
39.95,1
39.96667,1
39.98333,1
40.0,1
40.01667,1
40.03333,1
40.05,1
40.06667,1
40.08333,1
40.1,1
40.11666,1
40.13334,1
40.15,1
40.16667,1
40.18333,1
40.2,1
40.21667,1
40.23333,1
40.25,1
40.26667,1
40.28333,1
40.3,1
40.31667,1
40.33333,1
40.35,1
40.36666,1
40.38334,1
40.4,1
40.41667,1
40.43333,1
40.45,1
40.46667,1
40.48333,1
40.5,1
40.51667,1
40.53333,1
40.55,1
40.56667,1
40.58333,1
40.6,1
40.61666,1
40.63334,1
40.65,1
40.66667,1
40.68333,1
40.7,1
40.71667,1
40.73333,1
40.75,1
40.76667,1
40.78333,1
40.8,1
40.81667,1
40.83333,1
40.85,1
40.86666,1
40.88334,1
40.9,1
40.91667,1
40.93333,1
40.95,1
40.96667,1
40.98333,1
41.0,1
41.01667,1
41.03333,1
41.05,1
41.06667,1
41.08333,1
41.1,1
41.11666,1
41.13334,1
41.15,1
41.16667,1
41.18333,1
41.2,1
41.21667,1
41.23333,1
41.25,1
41.26667,1
41.28333,1
41.3,1
41.31667,1
41.33333,1
41.35,1
41.36666,1
41.38334,1
41.4,1
41.41667,1
41.43333,1
41.45,1
41.46667,1
41.48333,1
41.5,1
41.51667,1
41.53333,1
41.55,1
41.56667,1
41.58333,1
41.6,1
41.61666,1
41.63334,1
41.65,1
41.66667,1
41.68333,1
41.7,1
41.71667,1
41.73333,1
41.75,1
41.76667,1
41.78333,1
41.8,1
41.81667,1
41.83333,1
41.85,1
41.86666,1
41.88334,1
41.9,1
41.91667,1
41.93333,1
41.95,1
41.96667,1
41.98333,1
42.0,1
42.01667,1
42.03333,1
42.05,1
42.06667,1
42.08333,1
42.1,1
42.11666,1
42.13334,1
42.15,1
42.16667,1
42.18333,1
42.2,1
42.21667,1
42.23333,1
42.25,1
42.26667,1
42.28333,1
42.3,1
42.31667,1
42.33333,1
42.35,1
42.36666,1
42.38334,1
42.4,1
42.41667,1
42.43333,1
42.45,1
42.46667,1
42.48333,1
42.5,1
42.51667,1
42.53333,1
42.55,1
42.56667,1
42.58333,1
42.6,1
42.61666,1
42.63334,1
42.65,1
42.66667,1
42.68333,1
42.7,1
42.71667,1
42.73333,1
42.75,1
42.76667,1
42.78333,1
42.8,1
42.81667,1
42.83333,1
42.85,1
42.86666,1
42.88334,1
42.9,1
42.91667,1
42.93333,1
42.95,1
42.96667,1
42.98333,1
43.0,1
43.01667,1
43.03333,1
43.05,1
43.06667,1
43.08333,1
43.1,1
43.11666,1
43.13334,1
43.15,1
43.16667,1
43.18333,1
43.2,1
43.21667,1
43.23333,1
43.25,1
43.26667,1
43.28333,1
43.3,1
43.31667,1
43.33333,1
43.35,1
43.36666,1
43.38334,1
43.4,1
43.41667,1
43.43333,1
43.45,1
43.46667,1
43.48333,1
43.5,1
43.51667,1
43.53333,1
43.55,1
43.56667,1
43.58333,1
43.6,1
43.61666,1
43.63334,1
43.65,1
43.66667,1
43.68333,1
43.7,1
43.71667,1
43.73333,1
43.75,1
43.76667,1
43.78333,1
43.8,1
43.81667,1
43.83333,1
43.85,1
43.86666,1
43.88334,1
43.9,1
43.91667,1
43.93333,1
43.95,1
43.96667,1
43.98333,1
44.0,1
44.01667,1
44.03333,1
44.05,1
44.06667,1
44.08333,1
44.1,1
44.11666,1
44.13334,1
44.15,1
44.16667,1
44.18333,1
44.2,1
44.21667,1
44.23333,1
44.25,1
44.26667,1
44.28333,1
44.3,1
44.31667,1
44.33333,1
44.35,1
44.36666,1
44.38334,1
44.4,1
44.41667,1
44.43333,1
44.45,1
44.46667,1
44.48333,1
44.5,1
44.51667,1
44.53333,1
44.55,1
44.56667,1
44.58333,1
44.6,1
44.61666,1
44.63334,1
44.65,1
44.66667,1
44.68333,1
44.7,1
44.71667,1
44.73333,1
44.75,1
44.76667,1
44.78333,1
44.8,1
44.81667,1
44.83333,1
44.85,1
44.86666,1
44.88334,1
44.9,1
44.91667,1
44.93333,1
44.95,1
44.96667,1
44.98333,1
45.0,1
45.01667,1
45.03333,1
45.05,1
45.06667,1
45.08333,1
45.1,1
45.11666,1
45.13334,1
45.15,1
45.16667,1
45.18333,1
45.2,1
45.21667,1
45.23333,1
45.25,1
45.26667,1
45.28333,1
45.3,1
45.31667,1
45.33333,1
45.35,1
45.36666,1
45.38334,1
45.4,1
45.41667,1
45.43333,1
45.45,1
45.46667,1
45.48333,1
45.5,1
45.51667,1
45.53333,1
45.55,1
45.56667,1
45.58333,1
45.6,1
45.61666,1
45.63334,1
45.65,1
45.66667,1
45.68333,1
45.7,1
45.71667,1
45.73333,1
45.75,1
45.76667,1
45.78333,1
45.8,1
45.81667,1
45.83333,1
45.85,1
45.86666,1
45.88334,1
45.9,1
45.91667,1
45.93333,1
45.95,1
45.96667,1
45.98333,1
46.0,1
46.01667,1
46.03333,1
46.05,1
46.06667,1
46.08333,1
46.1,1
46.11666,1
46.13334,1
46.15,1
46.16667,1
46.18333,1
46.2,1
46.21667,1
46.23333,1
46.25,1
46.26667,1
46.28333,1
46.3,1
46.31667,1
46.33333,1
46.35,1
46.36666,1
46.38334,1
46.4,1
46.41667,1
46.43333,1
46.45,1
46.46667,1
46.48333,1
46.5,1
46.51667,1
46.53333,1
46.55,1
46.56667,1
46.58333,1
46.6,1
46.61666,1
46.63334,1
46.65,1
46.66667,1
46.68333,1
46.7,1
46.71667,1
46.73333,1
46.75,1
46.76667,1
46.78333,1
46.8,1
46.81667,1
46.83333,1
46.85,1
46.86666,1
46.88334,1
46.9,1
46.91667,1
46.93333,1
46.95,1
46.96667,1
46.98333,1
47.0,1
47.01667,1
47.03333,1
47.05,1
47.06667,1
47.08333,1
47.1,1
47.11666,1
47.13334,1
47.15,1
47.16667,1
47.18333,1
47.2,1
47.21667,1
47.23333,1
47.25,1
47.26667,1
47.28333,1
47.3,1
47.31667,1
47.33333,1
47.35,1
47.36666,1
47.38334,1
47.4,1
47.41667,1
47.43333,1
47.45,1
47.46667,1
47.48333,1
47.5,1
47.51667,1
47.53333,1
47.55,1
47.56667,1
47.58333,1
47.6,1
47.61666,1
47.63334,1
47.65,1
47.66667,1
47.68333,1
47.7,1
47.71667,1
47.73333,1
47.75,1
47.76667,1
47.78333,1
47.8,1
47.81667,1
47.83333,1
47.85,1
47.86666,1
47.88334,1
47.9,1
47.91667,1
47.93333,1
47.95,1
47.96667,1
47.98333,1
48.0,1
48.01667,1
48.03333,1
48.05,1
48.06667,1
48.08333,1
48.1,1
48.11666,1
48.13334,1
48.15,1
48.16667,1
48.18333,1
48.2,1
48.21667,1
48.23333,1
48.25,1
48.26667,1
48.28333,1
48.3,1
48.31667,1
48.33333,1
48.35,1
48.36666,1
48.38334,1
48.4,1
48.41667,1
48.43333,1
48.45,1
48.46667,1
48.48333,1
48.5,1
48.51667,1
48.53333,1
48.55,1
48.56667,1
48.58333,1
48.6,1
48.61666,1
48.63334,1
48.65,1
48.66667,1
48.68333,1
48.7,1
48.71667,1
48.73333,1
48.75,1
48.76667,1
48.78333,1
48.8,1
48.81667,1
48.83333,1
48.85,1
48.86666,1
48.88334,1
48.9,1
48.91667,1
48.93333,1
48.95,1
48.96667,1
48.98333,1
49.0,1
49.01667,1
49.03333,1
49.05,1
49.06667,1
49.08333,1
49.1,1
49.11666,1
49.13334,1
49.15,1
49.16667,1
49.18333,1
49.2,1
49.21667,1
49.23333,1
49.25,1
49.26667,1
49.28333,1
49.3,1
49.31667,1
49.33333,1
49.35,1
49.36666,1
49.38334,1
49.4,1
49.41667,1
49.43333,1
49.45,1
49.46667,1
49.48333,1
49.5,1
49.51667,1
49.53333,1
49.55,1
49.56667,1
49.58333,1
49.6,1
49.61666,1
49.63334,1
49.65,1
49.66667,1
49.68333,1
49.7,1
49.71667,1
49.73333,1
49.75,1
49.76667,1
49.78333,1
49.8,1
49.81667,1
49.83333,1
49.85,1
49.86666,1
49.88334,1
49.9,1
49.91667,1
49.93333,1
49.95,1
49.96667,1
49.98333,1
50.0,1
50.01667,1
50.03333,1
50.05,1
50.06667,1
50.08333,1
50.1,1
50.11666,1
50.13334,1
50.15,1
50.16667,1
50.18333,1
50.2,1
50.21667,1
50.23333,1
50.25,1
50.26667,1
50.28333,1
50.3,1
50.31667,1
50.33333,1
50.35,1
50.36666,1
50.38334,1
50.4,1
50.41667,1
50.43333,1
50.45,1
50.46667,1
50.48333,1
50.5,1
50.51667,1
50.53333,1
50.55,1
50.56667,1
50.58333,1
50.6,1
50.61666,1
50.63334,1
50.65,1
50.66667,1
50.68333,1
50.7,1
50.71667,1
50.73333,1
50.75,1
50.76667,1
50.78333,1
50.8,1
50.81667,1
50.83333,1
50.85,1
50.86666,1
50.88334,1
50.9,1
50.91667,1
50.93333,1
50.95,1
50.96667,1
50.98333,1
51.0,1
51.01667,1
51.03333,1
51.05,1
51.06667,1
51.08333,1
51.1,1
51.11666,1
51.13334,1
51.15,1
51.16667,1
51.18333,1
51.2,1
51.21667,1
51.23333,1
51.25,1
51.26667,1
51.28333,1
51.3,1
51.31667,1
51.33333,1
51.35,1
51.36666,1
51.38334,1
51.4,1
51.41667,1
51.43333,1
51.45,1
51.46667,1
51.48333,1
51.5,1
51.51667,1
51.53333,1
51.55,1
51.56667,1
51.58333,1
51.6,1
51.61666,1
51.63334,1
51.65,1
51.66667,1
51.68333,1
51.7,1
51.71667,1
51.73333,1
51.75,1
51.76667,1
51.78333,1
51.8,1
51.81667,1
51.83333,1
51.85,1
51.86666,1
51.88334,1
51.9,1
51.91667,1
51.93333,1
51.95,1
51.96667,1
51.98333,1
52.0,1
52.01667,1
52.03333,1
52.05,1
52.06667,1
52.08333,1
52.1,1
52.11666,1
52.13334,1
52.15,1
52.16667,1
52.18333,1
52.2,1
52.21667,1
52.23333,1
52.25,1
52.26667,1
52.28333,1
52.3,1
52.31667,1
52.33333,1
52.35,1
52.36666,1
52.38334,1
52.4,1
52.41667,1
52.43333,1
52.45,1
52.46667,1
52.48333,1
52.5,1
52.51667,1
52.53333,1
52.55,1
52.56667,1
52.58333,1
52.6,1
52.61666,1
52.63334,1
52.65,1
52.66667,1
52.68333,1
52.7,1
52.71667,1
52.73333,1
52.75,1
52.76667,1
52.78333,1
52.8,1
52.81667,1
52.83333,1
52.85,1
52.86666,1
52.88334,1
52.9,1
52.91667,1
52.93333,1
52.95,1
52.96667,1
52.98333,1
53.0,1
53.01667,1
53.03333,1
53.05,1
53.06667,1
53.08333,1
53.1,1
53.11666,1
53.13334,1
53.15,1
53.16667,1
53.18333,1
53.2,1
53.21667,1
53.23333,1
53.25,1
53.26667,1
53.28333,1
53.3,1
53.31667,1
53.33333,1
53.35,1
53.36666,1
53.38334,1
53.4,1
53.41667,1
53.43333,1
53.45,1
53.46667,1
53.48333,1
53.5,1
53.51667,1
53.53333,1
53.55,1
53.56667,1
53.58333,1
53.6,1
53.61666,1
53.63334,1
53.65,1
53.66667,1
53.68333,1
53.7,1
53.71667,1
53.73333,1
53.75,1
53.76667,1
53.78333,1
53.8,1
53.81667,1
53.83333,1
53.85,1
53.86666,1
53.88334,1
53.9,1
53.91667,1
53.93333,1
53.95,1
53.96667,1
53.98333,1
54.0,1
54.01667,1
54.03333,1
54.05,1
54.06667,1
54.08333,1
54.1,1
54.11666,1
54.13334,1
54.15,1
54.16667,1
54.18333,1
54.2,1
54.21667,1
54.23333,1
54.25,1
54.26667,1
54.28333,1
54.3,1
54.31667,1
54.33333,1
54.35,1
54.36666,1
54.38334,1
54.4,1
54.41667,1
54.43333,1
54.45,1
54.46667,1
54.48333,1
54.5,1
54.51667,1
54.53333,1
54.55,1
54.56667,1
54.58333,1
54.6,1
54.61666,1
54.63334,1
54.65,1
54.66667,1
54.68333,1
54.7,1
54.71667,1
54.73333,1
54.75,1
54.76667,1
54.78333,1
54.8,1
54.81667,1
54.83333,1
54.85,1
54.86666,1
54.88334,1
54.9,1
54.91667,1
54.93333,1
54.95,1
54.96667,1
54.98333,1
55.0,1
55.01667,1
55.03333,1
55.05,1
55.06667,1
55.08333,1
55.1,1
55.11666,1
55.13334,1
55.15,1
55.16667,1
55.18333,1
55.2,1
55.21667,1
55.23333,1
55.25,1
55.26667,1
55.28333,1
55.3,1
55.31667,1
55.33333,1
55.35,1
55.36666,1
55.38334,1
55.4,1
55.41667,1
55.43333,1
55.45,1
55.46667,1
55.48333,1
55.5,1
55.51667,1
55.53333,1
55.55,1
55.56667,1
55.58333,1
55.6,1
55.61666,1
55.63334,1
55.65,1
55.66667,1
55.68333,1
55.7,1
55.71667,1
55.73333,1
55.75,1
55.76667,1
55.78333,1
55.8,1
55.81667,1
55.83333,1
55.85,1
55.86666,1
55.88334,1
55.9,1
55.91667,1
55.93333,1
55.95,1
55.96667,1
55.98333,1
56.0,1
56.01667,1
56.03333,1
56.05,1
56.06667,1
56.08333,1
56.1,1
56.11666,1
56.13334,1
56.15,1
56.16667,1
56.18333,1
56.2,1
56.21667,1
56.23333,1
56.25,1
56.26667,1
56.28333,1
56.3,1
56.31667,1
56.33333,1
56.35,1
56.36666,1
56.38334,1
56.4,1
56.41667,1
56.43333,1
56.45,1
56.46667,1
56.48333,1
56.5,1
56.51667,1
56.53333,1
56.55,1
56.56667,1
56.58333,1
56.6,1
56.61666,1
56.63334,1
56.65,1
56.66667,1
56.68333,1
56.7,1
56.71667,1
56.73333,1
56.75,1
56.76667,1
56.78333,1
56.8,1
56.81667,1
56.83333,1
56.85,1
56.86666,1
56.88334,1
56.9,1
56.91667,1
56.93333,1
56.95,1
56.96667,1
56.98333,1
57.0,1
57.01667,1
57.03333,1
57.05,1
57.06667,1
57.08333,1
57.1,1
57.11666,1
57.13334,1
57.15,1
57.16667,1
57.18333,1
57.2,1
57.21667,1
57.23333,1
57.25,1
57.26667,1
57.28333,1
57.3,1
57.31667,1
57.33333,1
57.35,1
57.36666,1
57.38334,1
57.4,1
57.41667,1
57.43333,1
57.45,1
57.46667,1
57.48333,1
57.5,1
57.51667,1
57.53333,1
57.55,1
57.56667,1
57.58333,1
57.6,1
57.61666,1
57.63334,1
57.65,1
57.66667,1
57.68333,1
57.7,1
57.71667,1
57.73333,1
57.75,1
57.76667,1
57.78333,1
57.8,1
57.81667,1
57.83333,1
57.85,1
57.86666,1
57.88334,1
57.9,1
57.91667,1
57.93333,1
57.95,1
57.96667,1
57.98333,1
58.0,1
58.01667,1
58.03333,1
58.05,1
58.06667,1
58.08333,1
58.1,1
58.11666,1
58.13334,1
58.15,1
58.16667,1
58.18333,1
58.2,1
58.21667,1
58.23333,1
58.25,1
58.26667,1
58.28333,1
58.3,1
58.31667,1
58.33333,1
58.35,1
58.36666,1
58.38334,1
58.4,1
58.41667,1
58.43333,1
58.45,1
58.46667,1
58.48333,1
58.5,1
58.51667,1
58.53333,1
58.55,1
58.56667,1
58.58333,1
58.6,1
58.61666,1
58.63334,1
58.65,1
58.66667,1
58.68333,1
58.7,1
58.71667,1
58.73333,1
58.75,1
58.76667,1
58.78333,1
58.8,1
58.81667,1
58.83333,1
58.85,1
58.86666,1
58.88334,1
58.9,1
58.91667,1
58.93333,1
58.95,1
58.96667,1
58.98333,1
59.0,1
59.01667,1
59.03333,1
59.05,1
59.06667,1
59.08333,1
59.1,1
59.11666,1
59.13334,1
59.15,1
59.16667,1
59.18333,1
59.2,1
59.21667,1
59.23333,1
59.25,1
59.26667,1
59.28333,1
59.3,1
59.31667,1
59.33333,1
59.35,1
59.36666,1
59.38334,1
59.4,1
59.41667,1
59.43333,1
59.45,1
59.46667,1
59.48333,1
59.5,1
59.51667,1
59.53333,1
59.55,1
59.56667,1
59.58333,1
59.6,1
59.61666,1
59.63334,1
59.65,1
59.66667,1
59.68333,1
59.7,1
59.71667,1
59.73333,1
59.75,1
59.76667,1
59.78333,1
59.8,1
59.81667,1
59.83333,1
59.85,1
59.86666,1
59.88334,1
59.9,1
59.91667,1
59.93333,1
59.95,1
59.96667,1
59.98333,1
60.0,1
60.01667,1
60.03333,1
60.05,1
60.06667,1
60.08333,1
60.1,1
60.11666,1
60.13334,1
60.15,1
60.16667,1
60.18333,1
60.2,1
60.21667,1
60.23333,1
60.25,1
60.26667,1
60.28333,1
60.3,1
60.31667,1
60.33333,1
60.35,1
60.36666,1
60.38334,1
60.4,1
60.41667,1
60.43333,1
60.45,1
60.46667,1
60.48333,1
60.5,1
60.51667,1
60.53333,1
60.55,1
60.56667,1
60.58333,1
60.6,1
60.61666,1
60.63334,1
60.65,1
60.66667,1
60.68333,1
60.7,1
60.71667,1
60.73333,1
60.75,1
60.76667,1
60.78333,1
60.8,1
60.81667,1
60.83333,1
60.85,1
60.86666,1
60.88334,1
60.9,1
60.91667,1
60.93333,1
60.95,1
60.96667,1
60.98333,1
61.0,1
61.01667,1
61.03333,1
61.05,1
61.06667,1
61.08333,1
61.1,1
61.11666,1
61.13334,1
61.15,1
61.16667,1
61.18333,1
61.2,1
61.21667,1
61.23333,1
61.25,1
61.26667,1
61.28333,1
61.3,1
61.31667,1
61.33333,1
61.35,1
61.36666,1
61.38334,1
61.4,1
61.41667,1
61.43333,1
61.45,1
61.46667,1
61.48333,1
61.5,1
61.51667,1
61.53333,1
61.55,1
61.56667,1
61.58333,1
61.6,1
61.61666,1
61.63334,1
61.65,1
61.66667,1
61.68333,1
61.7,1
61.71667,1
61.73333,1
61.75,1
61.76667,1
61.78333,1
61.8,1
61.81667,1
61.83333,1
61.85,1
61.86666,1
61.88334,1
61.9,1
61.91667,1
61.93333,1
61.95,1
61.96667,1
61.98333,1
62.0,1
62.01667,1
62.03333,1
62.05,1
62.06667,1
62.08333,1
62.1,1
62.11666,1
62.13334,1
62.15,1
62.16667,1
62.18333,1
62.2,1
62.21667,1
62.23333,1
62.25,1
62.26667,1
62.28333,1
62.3,1
62.31667,1
62.33333,1
62.35,1
62.36666,1
62.38334,1
62.4,1
62.41667,1
62.43333,1
62.45,1
62.46667,1
62.48333,1
62.5,1
62.51667,1
62.53333,1
62.55,1
62.56667,1
62.58333,1
62.6,1
62.61666,1
62.63334,1
62.65,1
62.66667,1
62.68333,1
62.7,1
62.71667,1
62.73333,1
62.75,1
62.76667,1
62.78333,1
62.8,1
62.81667,1
62.83333,1
62.85,1
62.86666,1
62.88334,1
62.9,1
62.91667,1
62.93333,1
62.95,1
62.96667,1
62.98333,1
63.0,1
63.01667,1
63.03333,1
63.05,1
63.06667,1
63.08333,1
63.1,1
63.11666,1
63.13334,1
63.15,1
63.16667,1
63.18333,1
63.2,1
63.21667,1
63.23333,1
63.25,1
63.26667,1
63.28333,1
63.3,1
63.31667,1
63.33333,1
63.35,1
63.36666,1
63.38334,1
63.4,1
63.41667,1
63.43333,1
63.45,1
63.46667,1
63.48333,1
63.5,1
63.51667,1
63.53333,1
63.55,1
63.56667,1
63.58333,1
63.6,1
63.61666,1
63.63334,1
63.65,1
63.66667,1
63.68333,1
63.7,1
63.71667,1
63.73333,1
63.75,1
63.76667,1
63.78333,1
63.8,1
63.81667,1
63.83333,1
63.85,1
63.86666,1
63.88334,1
63.9,1
63.91667,1
63.93333,1
63.95,1
63.96667,1
63.98333,1
64.0,1
64.01667,1
64.03333,1
64.05,1
64.06667,1
64.08334,1
64.1,1
64.11667,1
64.13333,1
64.15,1
64.16666,1
64.18333,1
64.2,1
64.21667,1
64.23333,1
64.25,1
64.26667,1
64.28333,1
64.3,1
64.31667,1
64.33334,1
64.35,1
64.36667,1
64.38333,1
64.4,1
64.41666,1
64.43333,1
64.45,1
64.46667,1
64.48333,1
64.5,1
64.51667,1
64.53333,1
64.55,1
64.56667,1
64.58334,1
64.6,1
64.61667,1
64.63333,1
64.65,1
64.66666,1
64.68333,1
64.7,1
64.71667,1
64.73333,1
64.75,1
64.76667,1
64.78333,1
64.8,1
64.81667,1
64.83334,1
64.85,1
64.86667,1
64.88333,1
64.9,1
64.91666,1
64.93333,1
64.95,1
64.96667,1
64.98333,1
65.0,1
65.01667,1
65.03333,1
65.05,1
65.06667,1
65.08334,1
65.1,1
65.11667,1
65.13333,1
65.15,1
65.16666,1
65.18333,1
65.2,1
65.21667,1
65.23333,1
65.25,1
65.26667,1
65.28333,1
65.3,1
65.31667,1
65.33334,1
65.35,1
65.36667,1
65.38333,1
65.4,1
65.41666,1
65.43333,1
65.45,1
65.46667,1
65.48333,1
65.5,1
65.51667,1
65.53333,1
65.55,1
65.56667,1
65.58334,1
65.6,1
65.61667,1
65.63333,1
65.65,1
65.66666,1
65.68333,1
65.7,1
65.71667,1
65.73333,1
65.75,1
65.76667,1
65.78333,1
65.8,1
65.81667,1
65.83334,1
65.85,1
65.86667,1
65.88333,1
65.9,1
65.91666,1
65.93333,1
65.95,1
65.96667,1
65.98333,1
66.0,1
66.01667,1
66.03333,1
66.05,1
66.06667,1
66.08334,1
66.1,1
66.11667,1
66.13333,1
66.15,1
66.16666,1
66.18333,1
66.2,1
66.21667,1
66.23333,1
66.25,1
66.26667,1
66.28333,1
66.3,1
66.31667,1
66.33334,1
66.35,1
66.36667,1
66.38333,1
66.4,1
66.41666,1
66.43333,1
66.45,1
66.46667,1
66.48333,1
66.5,1
66.51667,1
66.53333,1
66.55,1
66.56667,1
66.58334,1
66.6,1
66.61667,1
66.63333,1
66.65,1
66.66666,1
66.68333,1
66.7,1
66.71667,1
66.73333,1
66.75,1
66.76667,1
66.78333,1
66.8,1
66.81667,1
66.83334,1
66.85,1
66.86667,1
66.88333,1
66.9,1
66.91666,1
66.93333,1
66.95,1
66.96667,1
66.98333,1
67.0,1
67.01667,1
67.03333,1
67.05,1
67.06667,1
67.08334,1
67.1,1
67.11667,1
67.13333,1
67.15,1
67.16666,1
67.18333,1
67.2,1
67.21667,1
67.23333,1
67.25,1
67.26667,1
67.28333,1
67.3,1
67.31667,1
67.33334,1
67.35,1
67.36667,1
67.38333,1
67.4,1
67.41666,1
67.43333,1
67.45,1
67.46667,1
67.48333,1
67.5,1
67.51667,1
67.53333,1
67.55,1
67.56667,1
67.58334,1
67.6,1
67.61667,1
67.63333,1
67.65,1
67.66666,1
67.68333,1
67.7,1
67.71667,1
67.73333,1
67.75,1
67.76667,1
67.78333,1
67.8,1
67.81667,1
67.83334,1
67.85,1
67.86667,1
67.88333,1
67.9,1
67.91666,1
67.93333,1
67.95,1
67.96667,1
67.98333,1
68.0,1
68.01667,1
68.03333,1
68.05,1
68.06667,1
68.08334,1
68.1,1
68.11667,1
68.13333,1
68.15,1
68.16666,1
68.18333,1
68.2,1
68.21667,1
68.23333,1
68.25,1
68.26667,1
68.28333,1
68.3,1
68.31667,1
68.33334,1
68.35,1
68.36667,1
68.38333,1
68.4,1
68.41666,1
68.43333,1
68.45,1
68.46667,1
68.48333,1
68.5,1
68.51667,1
68.53333,1
68.55,1
68.56667,1
68.58334,1
68.6,1
68.61667,1
68.63333,1
68.65,1
68.66666,1
68.68333,1
68.7,1
68.71667,1
68.73333,1
68.75,1
68.76667,1
68.78333,1
68.8,1
68.81667,1
68.83334,1
68.85,1
68.86667,1
68.88333,1
68.9,1
68.91666,1
68.93333,1
68.95,1
68.96667,1
68.98333,1
69.0,1
69.01667,1
69.03333,1
69.05,1
69.06667,1
69.08334,1
69.1,1
69.11667,1
69.13333,1
69.15,1
69.16666,1
69.18333,1
69.2,1
69.21667,1
69.23333,1
69.25,1
69.26667,1
69.28333,1
69.3,1
69.31667,1
69.33334,1
69.35,1
69.36667,1
69.38333,1
69.4,1
69.41666,1
69.43333,1
69.45,1
69.46667,1
69.48333,1
69.5,1
69.51667,1
69.53333,1
69.55,1
69.56667,1
69.58334,1
69.6,1
69.61667,1
69.63333,1
69.65,1
69.66666,1
69.68333,1
69.7,1
69.71667,1
69.73333,1
69.75,1
69.76667,1
69.78333,1
69.8,1
69.81667,1
69.83334,1
69.85,1
69.86667,1
69.88333,1
69.9,1
69.91666,1
69.93333,1
69.95,1
69.96667,1
69.98333,1
70.0,1
70.01667,1
70.03333,1
70.05,1
70.06667,1
70.08334,1
70.1,1
70.11667,1
70.13333,1
70.15,1
70.16666,1
70.18333,1
70.2,1
70.21667,1
70.23333,1
70.25,1
70.26667,1
70.28333,1
70.3,1
70.31667,1
70.33334,1
70.35,1
70.36667,1
70.38333,1
70.4,1
70.41666,1
70.43333,1
70.45,1
70.46667,1
70.48333,1
70.5,1
70.51667,1
70.53333,1
70.55,1
70.56667,1
70.58334,1
70.6,1
70.61667,1
70.63333,1
70.65,1
70.66666,1
70.68333,1
70.7,1
70.71667,1
70.73333,1
70.75,1
70.76667,1
70.78333,1
70.8,1
70.81667,1
70.83334,1
70.85,1
70.86667,1
70.88333,1
70.9,1
70.91666,1
70.93333,1
70.95,1
70.96667,1
70.98333,1
71.0,1
71.01667,1
71.03333,1
71.05,1
71.06667,1
71.08334,1
71.1,1
71.11667,1
71.13333,1
71.15,1
71.16666,1
71.18333,1
71.2,1
71.21667,1
71.23333,1
71.25,1
71.26667,1
71.28333,1
71.3,1
71.31667,1
71.33334,1
71.35,1
71.36667,1
71.38333,1
71.4,1
71.41666,1
71.43333,1
71.45,1
71.46667,1
71.48333,1
71.5,1
71.51667,1
71.53333,1
71.55,1
71.56667,1
71.58334,1
71.6,1
71.61667,1
71.63333,1
71.65,1
71.66666,1
71.68333,1
71.7,1
71.71667,1
71.73333,1
71.75,1
71.76667,1
71.78333,1
71.8,1
71.81667,1
71.83334,1
71.85,1
71.86667,1
71.88333,1
71.9,1
71.91666,1
71.93333,1
71.95,1
71.96667,1
71.98333,1
72.0,1
72.01667,1
72.03333,1
72.05,1
72.06667,1
72.08334,1
72.1,1
72.11667,1
72.13333,1
72.15,1
72.16666,1
72.18333,1
72.2,1
72.21667,1
72.23333,1
72.25,1
72.26667,1
72.28333,1
72.3,1
72.31667,1
72.33334,1
72.35,1
72.36667,1
72.38333,1
72.4,1
72.41666,1
72.43333,1
72.45,1
72.46667,1
72.48333,1
72.5,1
72.51667,1
72.53333,1
72.55,1
72.56667,1
72.58334,1
72.6,1
72.61667,1
72.63333,1
72.65,1
72.66666,1
72.68333,1
72.7,1
72.71667,1
72.73333,1
72.75,1
72.76667,1
72.78333,1
72.8,1
72.81667,1
72.83334,1
72.85,1
72.86667,1
72.88333,1
72.9,1
72.91666,1
72.93333,1
72.95,1
72.96667,1
72.98333,1
73.0,1
73.01667,1
73.03333,1
73.05,1
73.06667,1
73.08334,1
73.1,1
73.11667,1
73.13333,1
73.15,1
73.16666,1
73.18333,1
73.2,1
73.21667,1
73.23333,1
73.25,1
73.26667,1
73.28333,1
73.3,1
73.31667,1
73.33334,1
73.35,1
73.36667,1
73.38333,1
73.4,1
73.41666,1
73.43333,1
73.45,1
73.46667,1
73.48333,1
73.5,1
73.51667,1
73.53333,1
73.55,1
73.56667,1
73.58334,1
73.6,1
73.61667,1
73.63333,1
73.65,1
73.66666,1
73.68333,1
73.7,1
73.71667,1
73.73333,1
73.75,1
73.76667,1
73.78333,1
73.8,1
73.81667,1
73.83334,1
73.85,1
73.86667,1
73.88333,1
73.9,1
73.91666,1
73.93333,1
73.95,1
73.96667,1
73.98333,1
74.0,1
74.01667,1
74.03333,1
74.05,1
74.06667,1
74.08334,1
74.1,1
74.11667,1
74.13333,1
74.15,1
74.16666,1
74.18333,1
74.2,1
74.21667,1
74.23333,1
74.25,1
74.26667,1
74.28333,1
74.3,1
74.31667,1
74.33334,1
74.35,1
74.36667,1
74.38333,1
74.4,1
74.41666,1
74.43333,1
74.45,1
74.46667,1
74.48333,1
74.5,1
74.51667,1
74.53333,1
74.55,1
74.56667,1
74.58334,1
74.6,1
74.61667,1
74.63333,1
74.66666,1
74.68333,1
74.7,1
74.71667,1
74.73333,1
74.75,1
74.76667,1
74.78333,1
74.8,1
74.81667,1
74.83334,1
74.85,1
74.86667,1
74.9,1
74.91666,1
74.93333,1
74.95,1
74.96667,1
74.98333,1
75.0,1
75.01667,1
75.03333,1
75.05,1
75.06667,1
75.08334,1
75.1,1
75.11667,1
75.13333,1
75.15,1
75.16666,1
75.18333,1
75.2,1
75.21667,1
75.23333,1
75.25,1
75.26667,1
75.28333,1
75.3,1
75.31667,1
75.33334,1
75.35,1
75.36667,1
75.38333,1
75.4,1
75.41666,1
75.43333,1
75.45,1
75.46667,1
75.48333,1
75.5,1
75.51667,1
75.53333,1
75.55,1
75.56667,1
75.58334,1
75.6,1
75.61667,1
75.63333,1
75.65,1
75.66666,1
75.68333,1
75.7,1
75.71667,1
75.73333,1
75.75,1
75.76667,1
75.78333,1
75.8,1
75.81667,1
75.83334,1
75.85,1
75.86667,1
75.88333,1
75.9,1
75.91666,1
75.93333,1
75.95,1
75.96667,1
75.98333,1
76.0,1
76.01667,1
76.03333,1
76.05,1
76.06667,1
76.08334,1
76.1,1
76.11667,1
76.13333,1
76.15,1
76.16666,1
76.18333,1
76.2,1
76.21667,1
76.23333,1
76.25,1
76.26667,1
76.28333,1
76.3,1
76.31667,1
76.33334,1
76.35,1
76.36667,1
76.38333,1
76.4,1
76.41666,1
76.43333,1
76.45,1
76.46667,1
76.48333,1
76.5,1
76.51667,1
76.53333,1
76.55,1
76.56667,1
76.58334,1
76.6,1
76.61667,1
76.63333,1
76.65,1
76.66666,1
76.68333,1
76.7,1
76.71667,1
76.73333,1
76.75,1
76.76667,1
76.78333,1
76.8,1
76.81667,1
76.83334,1
76.85,1
76.86667,1
76.88333,1
76.9,1
76.91666,1
76.93333,1
76.95,1
76.96667,1
76.98333,1
77.0,1
77.01667,1
77.03333,1
77.05,1
77.06667,1
77.08334,1
77.1,1
77.11667,1
77.13333,1
77.15,1
77.16666,1
77.18333,1
77.2,1
77.21667,1
77.23333,1
77.25,1
77.26667,1
77.28333,1
77.3,1
77.31667,1
77.33334,1
77.35,1
77.36667,1
77.38333,1
77.4,1
77.41666,1
77.43333,1
77.45,1
77.46667,1
77.48333,1
77.5,1
77.51667,1
77.53333,1
77.55,1
77.56667,1
77.58334,1
77.6,1
77.61667,1
77.63333,1
77.65,0
77.66666,0
77.68333,0
77.7,0
77.71667,0
77.73333,0
77.75,0
77.76667,0
77.78333,0
77.8,0
77.81667,0
77.83334,0
77.85,0
77.86667,0
77.88333,0
77.9,0
77.91666,0
77.93333,0
77.95,0
77.96667,1
77.98333,1
78.0,1
78.01667,1
78.03333,1
78.05,1
78.06667,1
78.08334,1
78.1,1
78.11667,1
78.13333,1
78.15,1
78.16666,1
78.18333,1
78.2,1
78.21667,1
78.23333,1
78.25,1
78.26667,1
78.28333,1
78.3,1
78.31667,1
78.33334,1
78.35,1
78.36667,1
78.38333,1
78.4,1
78.41666,1
78.43333,1
78.45,1
78.46667,1
78.48333,1
78.5,1
78.51667,1
78.53333,1
78.55,1
78.56667,1
78.58334,1
78.6,1
78.61667,1
78.63333,1
78.65,1
78.66666,1
78.68333,1
78.7,1
78.71667,1
78.73333,1
78.75,1
78.76667,1
78.78333,1
78.8,1
78.81667,1
78.83334,1
78.85,1
78.86667,1
78.88333,1
78.9,1
78.91666,1
78.93333,1
78.95,1
78.96667,1
78.98333,1
79.0,1
79.01667,1
79.03333,1
79.05,1
79.06667,1
79.08334,1
79.1,1
79.11667,1
79.13333,1
79.15,1
79.16666,1
79.18333,1
79.2,1
79.21667,1
79.23333,1
79.25,1
79.26667,1
79.28333,1
79.3,1
79.31667,1
79.33334,1
79.35,1
79.36667,1
79.38333,1
79.4,1
79.41666,1
79.43333,1
79.45,1
79.46667,1
79.48333,1
79.5,1
79.51667,1
79.53333,1
79.55,1
79.56667,1
79.58334,1
79.6,1
79.61667,1
79.63333,1
79.65,1
79.66666,1
79.68333,1
79.7,1
79.71667,1
79.73333,1
79.75,1
79.76667,1
79.78333,1
79.8,1
79.81667,1
79.83334,1
79.85,1
79.86667,1
79.88333,1
79.9,1
79.91666,1
79.93333,1
79.95,1
79.96667,1
79.98333,1
80.0,1
80.01667,1
80.03333,1
80.05,1
80.06667,1
80.08334,1
80.1,1
80.11667,1
80.13333,1
80.15,1
80.16666,1
80.18333,1
80.2,1
80.21667,1
80.23333,1
80.25,1
80.26667,1
80.28333,1
80.3,1
80.31667,1
80.33334,1
80.35,1
80.36667,1
80.38333,1
80.4,1
80.41666,1
80.43333,1
80.45,1
80.46667,1
80.48333,1
80.5,1
80.51667,1
80.53333,1
80.55,1
80.56667,1
80.58334,1
80.6,1
80.61667,1
80.63333,1
80.65,1
80.66666,1
80.68333,1
80.7,1
80.71667,1
80.73333,1
80.75,1
80.76667,1
80.78333,1
80.8,1
80.81667,1
80.83334,1
80.85,1
80.86667,1
80.88333,1
80.9,1
80.91666,1
80.93333,1
80.95,1
80.96667,1
80.98333,1
81.0,1
81.01667,1
81.03333,1
81.05,1
81.06667,1
81.08334,1
81.1,1
81.11667,1
81.13333,1
81.15,1
81.16666,1
81.18333,1
81.2,1
81.21667,1
81.23333,1
81.25,1
81.26667,1
81.28333,1
81.3,1
81.31667,1
81.33334,1
81.35,1
81.36667,1
81.38333,1
81.4,1
81.41666,1
81.43333,1
81.45,1
81.46667,1
81.48333,1
81.5,1
81.51667,1
81.53333,1
81.55,1
81.56667,1
81.58334,1
81.6,1
81.61667,1
81.63333,1
81.65,1
81.66666,1
81.68333,1
81.7,1
81.71667,1
81.73333,1
81.75,1
81.76667,1
81.78333,1
81.8,1
81.81667,1
81.83334,1
81.85,1
81.86667,1
81.88333,1
81.9,1
81.91666,1
81.93333,1
81.95,1
81.96667,1
81.98333,1
82.0,1
82.01667,1
82.03333,1
82.05,1
82.06667,1
82.08334,1
82.1,1
82.11667,1
82.13333,1
82.15,1
82.16666,1
82.18333,1
82.2,1
82.21667,1
82.23333,1
82.25,1
82.26667,1
82.28333,1
82.3,1
82.31667,1
82.33334,1
82.35,1
82.36667,1
82.38333,1
82.4,1
82.41666,1
82.43333,1
82.45,1
82.46667,1
82.48333,1
82.5,1
82.51667,1
82.53333,1
82.55,1
82.56667,1
82.58334,1
82.6,1
82.61667,1
82.63333,1
82.65,1
82.66666,1
82.68333,1
82.7,1
82.71667,1
82.73333,1
82.75,1
82.76667,1
82.78333,1
82.8,1
82.81667,1
82.83334,1
82.85,1
82.86667,1
82.88333,1
82.9,1
82.91666,1
82.93333,1
82.95,1
82.96667,1
82.98333,1
83.0,1
83.01667,1
83.03333,1
83.05,1
83.06667,1
83.08334,1
83.1,1
83.11667,1
83.13333,1
83.15,1
83.16666,1
83.18333,1
83.2,1
83.21667,1
83.23333,1
83.25,1
83.26667,1
83.28333,1
83.3,1
83.31667,1
83.33334,1
83.35,1
83.36667,1
83.38333,1
83.4,1
83.41666,1
83.43333,1
83.45,1
83.46667,1
83.48333,1
83.5,1
83.51667,1
83.53333,1
83.55,1
83.56667,1
83.58334,1
83.6,1
83.61667,1
83.63333,1
83.65,1
83.66666,1
83.68333,1
83.7,1
83.71667,1
83.73333,1
83.75,1
83.76667,1
83.78333,1
83.8,1
83.81667,1
83.83334,1
83.85,1
83.86667,1
83.88333,1
83.9,1
83.91666,1
83.93333,1
83.95,1
83.96667,1
83.98333,1
84.0,1
84.01667,1
84.03333,1
84.05,1
84.06667,1
84.08334,1
84.1,1
84.11667,1
84.13333,1
84.15,1
84.16666,1
84.18333,1
84.2,1
84.21667,1
84.23333,1
84.25,1
84.26667,1
84.28333,1
84.3,1
84.31667,1
84.33334,1
84.35,1
84.36667,1
84.38333,1
84.4,1
84.41666,1
84.43333,1
84.45,1
84.46667,1
84.48333,1
84.5,1
84.51667,1
84.53333,1
84.55,1
84.56667,1
84.58334,1
84.6,1
84.61667,1
84.63333,1
84.65,1
84.66666,1
84.68333,1
84.7,1
84.71667,1
84.73333,1
84.75,1
84.76667,1
84.78333,1
84.8,1
84.81667,1
84.83334,1
84.85,1
84.86667,1
84.88333,1
84.9,1
84.91666,1
84.93333,1
84.95,1
84.96667,1
84.98333,1
85.0,1
85.01667,1
85.03333,1
85.05,1
85.06667,1
85.08334,1
85.1,1
85.11667,1
85.13333,1
85.15,1
85.16666,1
85.18333,1
85.2,1
85.21667,1
85.23333,1
85.25,1
85.26667,1
85.28333,1
85.3,1
85.31667,1
85.33334,1
85.35,1
85.36667,1
85.38333,1
85.4,1
85.41666,1
85.43333,1
85.45,1
85.46667,1
85.48333,1
85.5,1
85.51667,1
85.53333,1
85.55,1
85.56667,1
85.58334,1
85.6,1
85.61667,1
85.63333,1
85.65,1
85.66666,1
85.68333,1
85.7,1
85.71667,1
85.73333,1
85.75,1
85.76667,1
85.78333,1
85.8,1
85.81667,1
85.83334,1
85.85,1
85.86667,1
85.88333,1
85.9,1
85.91666,1
85.93333,1
85.95,1
85.96667,1
85.98333,1
86.0,1
86.01667,1
86.03333,1
86.05,1
86.06667,1
86.08334,1
86.1,1
86.11667,1
86.13333,1
86.15,1
86.16666,1
86.18333,1
86.2,1
86.21667,1
86.23333,1
86.25,1
86.26667,1
86.28333,1
86.3,1
86.31667,1
86.33334,1
86.35,1
86.36667,1
86.38333,1
86.4,1
86.41666,1
86.43333,1
86.45,1
86.46667,1
86.48333,1
86.5,1
86.51667,1
86.53333,1
86.55,1
86.56667,1
86.58334,1
86.6,1
86.61667,1
86.63333,1
86.65,1
86.66666,1
86.68333,1
86.7,1
86.71667,1
86.73333,1
86.75,1
86.76667,1
86.78333,1
86.8,1
86.81667,1
86.83334,1
86.85,1
86.86667,1
86.88333,1
86.9,1
86.91666,1
86.93333,1
86.95,1
86.96667,1
86.98333,1
87.0,1
87.01667,1
87.03333,1
87.05,1
87.06667,1
87.08334,1
87.1,1
87.11667,1
87.13333,1
87.15,1
87.16666,1
87.18333,1
87.2,1
87.21667,1
87.23333,1
87.25,1
87.26667,1
87.28333,1
87.3,1
87.31667,1
87.33334,1
87.35,1
87.36667,1
87.38333,1
87.4,1
87.41666,1
87.43333,1
87.45,1
87.46667,1
87.48333,1
87.5,1
87.51667,1
87.53333,1
87.55,1
87.56667,1
87.58334,1
87.6,1
87.61667,1
87.63333,1
87.65,1
87.66666,1
87.68333,1
87.7,1
87.71667,1
87.73333,1
87.75,1
87.76667,1
87.78333,1
87.8,1
87.81667,1
87.83334,1
87.85,1
87.86667,1
87.88333,1
87.9,1
87.91666,1
87.93333,1
87.95,1
87.96667,1
87.98333,1
88.0,1
88.01667,1
88.03333,1
88.05,1
88.06667,1
88.08334,1
88.1,1
88.11667,1
88.13333,1
88.15,1
88.16666,1
88.18333,1
88.2,1
88.21667,1
88.23333,1
88.25,1
88.26667,1
88.28333,1
88.3,1
88.31667,1
88.33334,1
88.35,1
88.36667,1
88.38333,1
88.4,1
88.41666,1
88.43333,1
88.45,1
88.46667,1
88.48333,1
88.5,1
88.51667,1
88.53333,1
88.55,1
88.56667,1
88.58334,1
88.6,1
88.61667,1
88.63333,1
88.65,1
88.66666,1
88.68333,1
88.7,1
88.71667,1
88.73333,1
88.75,1
88.76667,1
88.78333,1
88.8,1
88.81667,1
88.83334,1
88.85,1
88.86667,1
88.88333,1
88.9,1
88.91666,1
88.93333,1
88.95,1
88.96667,1
88.98333,1
89.0,1
89.01667,1
89.03333,1
89.05,1
89.06667,1
89.08334,1
89.1,1
89.11667,1
89.13333,1
89.15,1
89.16666,1
89.18333,1
89.2,1
89.21667,1
89.23333,1
89.25,1
89.26667,1
89.28333,1
89.3,1
89.31667,1
89.33334,1
89.35,1
89.36667,1
89.38333,1
89.4,1
89.41666,1
89.43333,1
89.45,1
89.46667,1
89.48333,1
89.5,1
89.51667,1
89.53333,1
89.55,1
89.56667,1
89.58334,1
89.6,1
89.61667,1
89.63333,1
89.65,1
89.66666,1
89.68333,1
89.7,1
89.71667,1
89.73333,1
89.75,1
89.76667,1
89.78333,1
89.8,1
89.81667,1
89.83334,1
89.85,1
89.86667,1
89.88333,1
89.9,1
89.91666,1
89.93333,1
89.95,1
89.96667,1
89.98333,1
90.0,1
90.01667,1
90.03333,1
90.05,1
90.06667,1
90.08334,1
90.1,1
90.11667,1
90.13333,1
90.15,1
90.16666,1
90.18333,1
90.2,1
90.21667,1
90.23333,1
90.25,1
90.26667,1
90.28333,1
90.3,1
90.31667,1
90.33334,1
90.35,1
90.36667,1
90.38333,1
90.4,1
90.41666,1
90.43333,1
90.45,1
90.46667,1
90.48333,1
90.5,1
90.51667,1
90.53333,1
90.55,1
90.56667,1
90.58334,1
90.6,1
90.61667,1
90.63333,1
90.65,1
90.66666,1
90.68333,1
90.7,1
90.71667,1
90.73333,1
90.75,1
90.76667,1
90.78333,1
90.8,1
90.81667,1
90.83334,1
90.85,1
90.86667,1
90.88333,1
90.9,1
90.91666,1
90.93333,1
90.95,1
90.96667,1
90.98333,1
91.0,1
91.01667,1
91.03333,1
91.05,1
91.06667,1
91.08334,1
91.1,1
91.11667,1
91.13333,1
91.15,1
91.16666,1
91.18333,1
91.2,1
91.21667,1
91.23333,1
91.25,1
91.26667,1
91.28333,1
91.3,1
91.31667,1
91.33334,1
91.35,1
91.36667,1
91.38333,1
91.4,1
91.41666,1
91.43333,1
91.45,1
91.46667,1
91.48333,1
91.5,1
91.51667,1
91.53333,1
91.55,1
91.56667,1
91.58334,1
91.6,1
91.61667,1
91.63333,1
91.65,1
91.66666,1
91.68333,1
91.7,1
91.71667,1
91.73333,1
91.75,1
91.76667,1
91.78333,1
91.8,1
91.81667,1
91.83334,1
91.85,1
91.86667,1
91.88333,1
91.9,1
91.91666,1
91.93333,1
91.95,1
91.96667,1
91.98333,1
92.0,1
92.01667,1
92.03333,1
92.05,1
92.06667,1
92.08334,1
92.1,1
92.11667,1
92.13333,1
92.15,1
92.16666,1
92.18333,1
92.2,1
92.21667,1
92.23333,1
92.25,1
92.26667,1
92.28333,1
92.3,1
92.31667,1
92.33334,1
92.35,1
92.36667,1
92.38333,1
92.4,1
92.41666,1
92.43333,1
92.45,1
92.46667,1
92.48333,1
92.5,1
92.51667,1
92.53333,1
92.55,1
92.56667,1
92.58334,1
92.6,1
92.61667,1
92.63333,1
92.65,1
92.66666,1
92.68333,1
92.7,1
92.71667,1
92.73333,1
92.75,1
92.76667,1
92.78333,1
92.8,1
92.81667,1
92.83334,1
92.85,1
92.86667,1
92.88333,1
92.9,1
92.91666,1
92.93333,1
92.95,1
92.96667,1
92.98333,1
93.0,1
93.01667,1
93.03333,1
93.05,1
93.06667,1
93.08334,1
93.1,1
93.11667,1
93.13333,1
93.15,1
93.16666,1
93.18333,1
93.2,1
93.21667,1
93.23333,1
93.25,1
93.26667,1
93.28333,1
93.3,1
93.31667,1
93.33334,1
93.35,1
93.36667,1
93.38333,1
93.4,1
93.41666,1
93.43333,1
93.45,1
93.46667,1
93.48333,1
93.5,1
93.51667,1
93.53333,1
93.55,1
93.56667,1
93.58334,1
93.6,1
93.61667,1
93.63333,1
93.65,1
93.66666,1
93.68333,1
93.7,1
93.71667,1
93.73333,1
93.75,1
93.76667,1
93.78333,1
93.8,1
93.81667,1
93.83334,1
93.85,1
93.86667,1
93.88333,1
93.9,1
93.91666,1
93.93333,1
93.95,1
93.96667,1
93.98333,1
94.0,1
94.01667,1
94.03333,1
94.05,1
94.06667,1
94.08334,1
94.1,1
94.11667,1
94.13333,1
94.15,1
94.16666,1
94.18333,1
94.2,1
94.21667,1
94.23333,1
94.25,1
94.26667,1
94.28333,1
94.3,1
94.31667,1
94.33334,1
94.35,1
94.36667,1
94.38333,1
94.4,1
94.41666,1
94.43333,1
94.45,1
94.46667,1
94.48333,1
94.5,1
94.51667,1
94.53333,1
94.55,1
94.56667,1
94.58334,1
94.6,1
94.61667,1
94.63333,1
94.65,1
94.66666,1
94.68333,1
94.7,1
94.71667,1
94.73333,1
94.75,1
94.76667,1
94.78333,1
94.8,1
94.81667,1
94.83334,1
94.85,1
94.86667,1
94.88333,1
94.9,1
94.91666,1
94.93333,1
94.95,1
94.96667,1
94.98333,1
95.0,1
95.01667,1
95.03333,1
95.05,1
95.06667,1
95.08334,1
95.1,1
95.11667,1
95.13333,1
95.15,1
95.16666,1
95.18333,1
95.2,1
95.21667,1
95.23333,1
95.25,1
95.26667,1
95.28333,1
95.3,1
95.31667,1
95.33334,1
95.35,1
95.36667,1
95.38333,1
95.4,1
95.41666,1
95.43333,1
95.45,1
95.46667,1
95.48333,1
95.5,1
95.51667,1
95.53333,1
95.55,1
95.56667,1
95.58334,1
95.6,1
95.61667,1
95.63333,1
95.65,1
95.66666,1
95.68333,1
95.7,1
95.71667,1
95.73333,1
95.75,1
95.76667,1
95.78333,1
95.8,1
95.81667,1
95.83334,1
95.85,1
95.86667,1
95.88333,1
95.9,1
95.91666,1
95.93333,1
95.95,1
95.96667,1
95.98333,1
96.0,1
96.01667,1
96.03333,1
96.05,1
96.06667,1
96.08334,1
96.1,1
96.11667,1
96.13333,1
96.15,1
96.16666,1
96.18333,1
96.2,1
96.21667,1
96.23333,1
96.25,1
96.26667,1
96.28333,1
96.3,1
96.31667,1
96.33334,1
96.35,1
96.36667,1
96.38333,1
96.4,1
96.41666,1
96.43333,1
96.45,1
96.46667,1
96.48333,1
96.5,1
96.51667,1
96.53333,1
96.55,1
96.56667,1
96.58334,1
96.6,1
96.61667,1
96.63333,1
96.65,1
96.66666,1
96.68333,1
96.7,1
96.71667,1
96.73333,1
96.75,1
96.76667,1
96.78333,1
96.8,1
96.81667,1
96.83334,1
96.85,1
96.86667,1
96.88333,1
96.9,1
96.91666,1
96.93333,1
96.95,1
96.96667,1
96.98333,1
97.0,1
97.01667,1
97.03333,1
97.05,1
97.06667,1
97.08334,1
97.1,1
97.11667,1
97.13333,1
97.15,1
97.16666,1
97.18333,1
97.2,1
97.21667,1
97.23333,1
97.25,1
97.26667,1
97.28333,1
97.3,1
97.31667,1
97.33334,1
97.35,1
97.36667,1
97.38333,1
97.4,1
97.41666,1
97.43333,1
97.45,1
97.46667,1
97.48333,1
97.5,1
97.51667,1
97.53333,1
97.55,1
97.56667,1
97.58334,1
97.6,1
97.61667,1
97.63333,1
97.65,1
97.66666,1
97.68333,1
97.7,1
97.71667,1
97.73333,1
97.75,1
97.76667,1
97.78333,1
97.8,1
97.81667,1
97.83334,1
97.85,1
97.86667,1
97.88333,1
97.9,1
97.91666,1
97.93333,1
97.95,1
97.96667,1
97.98333,1
98.0,1
98.01667,1
98.03333,1
98.05,1
98.06667,1
98.08334,1
98.1,1
98.11667,1
98.13333,1
98.15,1
98.16666,1
98.18333,1
98.2,1
98.21667,1
98.23333,1
98.25,1
98.26667,1
98.28333,1
98.3,1
98.31667,1
98.33334,1
98.35,1
98.36667,1
98.38333,1
98.4,1
98.41666,1
98.43333,1
98.45,1
98.46667,1
98.48333,1
98.5,1
98.51667,1
98.53333,1
98.55,1
98.56667,1
98.58334,1
98.6,1
98.61667,1
98.63333,1
98.65,1
98.66666,1
98.68333,1
98.7,1
98.71667,1
98.73333,1
98.75,1
98.76667,1
98.78333,1
98.8,1
98.81667,1
98.83334,1
98.85,1
98.86667,1
98.88333,1
98.9,1
98.91666,1
98.93333,1
98.95,1
98.96667,1
98.98333,1
99.0,1
99.01667,1
99.03333,1
99.05,1
99.06667,1
99.08334,1
99.1,1
99.11667,1
99.13333,1
99.15,1
99.16666,1
99.18333,1
99.2,1
99.21667,1
99.23333,1
99.25,1
99.26667,1
99.28333,1
99.3,1
99.31667,1
99.33334,1
99.35,1
99.36667,1
99.38333,1
99.4,1
99.41666,1
99.43333,1
99.45,1
99.46667,1
99.48333,1
99.5,1
99.51667,1
99.53333,1
99.55,1
99.56667,1
99.58334,1
99.6,1
99.61667,1
99.63333,1
99.65,1
99.66666,1
99.68333,1
99.7,1
99.71667,1
99.73333,1
99.75,1
99.76667,1
99.78333,1
99.8,1
99.81667,1
99.83334,1
99.85,1
99.86667,1
99.88333,1
99.9,1
99.91666,1
99.93333,1
99.95,1
99.96667,1
99.98333,1
100.0,1
100.0167,1
100.0333,1
100.05,1
100.0667,1
100.0833,1
100.1,1
100.1167,1
100.1333,1
100.15,1
100.1667,1
100.1833,1
100.2,1
100.2167,1
100.2333,1
100.25,1
100.2667,1
100.2833,1
100.3,1
100.3167,1
100.3333,1
100.35,1
100.3667,1
100.3833,1
100.4,1
100.4167,1
100.4333,1
100.45,1
100.4667,1
100.4833,1
100.5,1
100.5167,1
100.5333,1
100.55,1
100.5667,1
100.5833,1
100.6,1
100.6167,1
100.6333,1
100.65,1
100.6667,1
100.6833,1
100.7,1
100.7167,1
100.7333,1
100.75,1
100.7667,1
100.7833,1
100.8,1
100.8167,1
100.8333,1
100.85,1
100.8667,1
100.8833,1
100.9,1
100.9167,1
100.9333,1
100.95,1
100.9667,1
100.9833,1
101.0,1
101.0167,1
101.0333,1
101.05,1
101.0667,1
101.0833,1
101.1,1
101.1167,1
101.1333,1
101.15,1
101.1667,1
101.1833,1
101.2,1
101.2167,1
101.2333,1
101.25,1
101.2667,1
101.2833,1
101.3,1
101.3167,1
101.3333,1
101.35,1
101.3667,1
101.3833,1
101.4,1
101.4167,1
101.4333,1
101.45,1
101.4667,1
101.4833,1
101.5,1
101.5167,1
101.5333,1
101.55,1
101.5667,1
101.5833,1
101.6,1
101.6167,1
101.6333,1
101.65,1
101.6667,1
101.6833,1
101.7,1
101.7167,1
101.7333,1
101.75,1
101.7667,1
101.7833,1
101.8,1
101.8167,1
101.8333,1
101.85,1
101.8667,1
101.8833,1
101.9,1
101.9167,1
101.9333,1
101.95,1
101.9667,1
101.9833,1
102.0,1
102.0167,1
102.0333,1
102.05,1
102.0667,1
102.0833,1
102.1,1
102.1167,1
102.1333,1
102.15,1
102.1667,1
102.1833,1
102.2,1
102.2167,1
102.2333,1
102.25,1
102.2667,1
102.2833,1
102.3,1
102.3167,1
102.3333,1
102.35,1
102.3667,1
102.3833,1
102.4,1
102.4167,1
102.4333,1
102.45,1
102.4667,1
102.4833,1
102.5,1
102.5167,1
102.5333,1
102.55,1
102.5667,1
102.5833,1
102.6,1
102.6167,1
102.6333,1
102.65,1
102.6667,1
102.6833,1
102.7,1
102.7167,1
102.7333,1
102.75,1
102.7667,1
102.7833,1
102.8,1
102.8167,1
102.8333,1
102.85,1
102.8667,1
102.8833,1
102.9,1
102.9167,1
102.9333,1
102.95,1
102.9667,1
102.9833,1
103.0,1
103.0167,1
103.0333,1
103.05,1
103.0667,1
103.0833,1
103.1,1
103.1167,1
103.1333,1
103.15,1
103.1667,1
103.1833,1
103.2,1
103.2167,1
103.2333,1
103.25,1
103.2667,1
103.2833,1
103.3,1
103.3167,1
103.3333,1
103.35,1
103.3667,1
103.3833,1
103.4,1
103.4167,1
103.4333,1
103.45,1
103.4667,1
103.4833,1
103.5,1
103.5167,1
103.5333,1
103.55,1
103.5667,1
103.5833,1
103.6,1
103.6167,1
103.6333,1
103.65,1
103.6667,1
103.6833,1
103.7,1
103.7167,1
103.7333,1
103.75,1
103.7667,1
103.7833,1
103.8,1
103.8167,1
103.8333,1
103.85,1
103.8667,1
103.8833,1
103.9,1
103.9167,1
103.9333,1
103.95,1
103.9667,1
103.9833,1
104.0,1
104.0167,1
104.0333,1
104.05,1
104.0667,1
104.0833,1
104.1,1
104.1167,1
104.1333,1
104.15,1
104.1667,1
104.1833,1
104.2,1
104.2167,1
104.2333,1
104.25,1
104.2667,1
104.2833,1
104.3,1
104.3167,1
104.3333,1
104.35,1
104.3667,1
104.3833,1
104.4,1
104.4167,1
104.4333,1
104.45,1
104.4667,1
104.4833,1
104.5,1
104.5167,1
104.5333,1
104.55,1
104.5667,1
104.5833,1
104.6,1
104.6167,1
104.6333,1
104.65,1
104.6667,1
104.6833,1
104.7,1
104.7167,1
104.7333,1
104.75,1
104.7667,1
104.7833,1
104.8,1
104.8167,1
104.8333,1
104.85,1
104.8667,1
104.8833,1
104.9,1
104.9167,1
104.9333,1
104.95,1
104.9667,1
104.9833,1
105.0,1
105.0167,1
105.0333,1
105.05,1
105.0667,1
105.0833,1
105.1,1
105.1167,1
105.1333,1
105.15,1
105.1667,1
105.1833,1
105.2,1
105.2167,1
105.2333,1
105.25,1
105.2667,1
105.2833,1
105.3,1
105.3167,1
105.3333,1
105.35,1
105.3667,1
105.3833,1
105.4,1
105.4167,1
105.4333,1
105.45,1
105.4667,1
105.4833,1
105.5,1
105.5167,1
105.5333,1
105.55,1
105.5667,1
105.5833,1
105.6,1
105.6167,1
105.6333,1
105.65,1
105.6667,1
105.6833,1
105.7,1
105.7167,1
105.7333,1
105.75,1
105.7667,1
105.7833,1
105.8,1
105.8167,1
105.8333,1
105.85,1
105.8667,1
105.8833,1
105.9,1
105.9167,1
105.9333,1
105.95,1
105.9667,1
105.9833,1
106.0,1
106.0167,1
106.0333,1
106.05,1
106.0667,1
106.0833,1
106.1,1
106.1167,1
106.1333,1
106.15,1
106.1667,1
106.1833,1
106.2,1
106.2167,1
106.2333,1
106.25,1
106.2667,1
106.2833,1
106.3,1
106.3167,1
106.3333,1
106.35,1
106.3667,1
106.3833,1
106.4,1
106.4167,1
106.4333,1
106.45,1
106.4667,1
106.4833,1
106.5,1
106.5167,1
106.5333,1
106.55,1
106.5667,1
106.5833,1
106.6,1
106.6167,1
106.6333,1
106.65,1
106.6667,1
106.6833,1
106.7,1
106.7167,1
106.7333,1
106.75,1
106.7667,1
106.7833,1
106.8,1
106.8167,1
106.8333,1
106.85,1
106.8667,1
106.8833,1
106.9,1
106.9167,1
106.9333,1
106.95,1
106.9667,1
106.9833,1
107.0,1
107.0167,1
107.0333,1
107.05,1
107.0667,1
107.0833,1
107.1,1
107.1167,1
107.1333,1
107.15,1
107.1667,1
107.1833,1
107.2,1
107.2167,1
107.2333,1
107.25,1
107.2667,1
107.2833,1
107.3,1
107.3167,1
107.3333,1
107.35,1
107.3667,1
107.3833,1
107.4,1
107.4167,1
107.4333,1
107.45,1
107.4667,1
107.4833,1
107.5,1
107.5167,1
107.5333,1
107.55,1
107.5667,1
107.5833,1
